Workbook

Sheet order_details
A1: order_details_id | B1: order_id | C1: pizza_id | D1: quantity
A2: 1 | B2: 1 | C2: hawaiian_m | D2: 1
A3: 2 | B3: 2 | C3: classic_dlx_m | D3: 1
A4: 3 | B4: 2 | C4: five_cheese_l | D4: 1
A5: 4 | B5: 2 | C5: ital_supr_l | D5: 1
A6: 5 | B6: 2 | C6: mexicana_m | D6: 1
A7: 6 | B7: 2 | C7: thai_ckn_l | D7: 1
A8: 7 | B8: 3 | C8: ital_supr_m | D8: 1
A9: 8 | B9: 3 | C9: prsc_argla_l | D9: 1
A10: 9 | B10: 4 | C10: ital_supr_m | D10: 1
A11: 10 | B11: 5 | C11: ital_supr_m | D11: 1
A12: 11 | B12: 6 | C12: bbq_ckn_s | D12: 1
A13: 12 | B13: 6 | C13: the_greek_s | D13: 1
... A48621: 48620 | B48621: 21350 | C48621: bbq_ckn_s | D48621: 1

Sheet order
A1: order_id | B1: order_date | C1: order_time
A2: 1 | B2: 42005 | C2: 0.48513889
A3: 2 | B3: 42005 | C3: 0.49837963
A4: 3 | B4: 42005 | C4: 0.50865741
A5: 4 | B5: 42005 | C5: 0.51146991
A6: 5 | B6: 42005 | C6: 0.51493056
A7: 6 | B7: 42005 | C7: 0.52055556
A8: 7 | B8: 42005 | C8: 0.53515046
A9: 8 | B9: 42005 | C9: 0.53584491
A10: 9 | B10: 42005 | C10: 0.53612269
A11: 10 | B11: 42005 | C11: 0.54184028
A12: 11 | B12: 42005 | C12: 0.54373843
A13: 12 | B13: 42005 | C13: 0.54491898
... A21351: 21350 | B21351: 42369 | C21351: 0.95978009

Sheet pizza_type
A1: pizza_type_id | B1: name | C1: category | D1: ingredients
A2: bbq_ckn | B2: The Barbecue Chicken Pizza | C2: Chicken | D2: Barbecued Chicken, Red Peppers, Green Peppers, Tomatoes, Red Onions, Barbecue Sauce
A3: cali_ckn | B3: The California Chicken Pizza | C3: Chicken | D3: Chicken, Artichoke, Spinach, Garlic, Jalapeno Peppers, Fontina Cheese, Gouda Cheese
A4: ckn_alfredo | B4: The Chicken Alfredo Pizza | C4: Chicken | D4: Chicken, Red Onions, Red Peppers, Mushrooms, Asiago Cheese, Alfredo Sauce
A5: ckn_pesto | B5: The Chicken Pesto Pizza | C5: Chicken | D5: Chicken, Tomatoes, Red Peppers, Spinach, Garlic, Pesto Sauce
A6: southw_ckn | B6: The Southwest Chicken Pizza | C6: Chicken | D6: Chicken, Tomatoes, Red Peppers, Red Onions, Jalapeno Peppers, Corn, Cilantro, Chipotle Sauce
A7: thai_ckn | B7: The Thai Chicken Pizza | C7: Chicken | D7: Chicken, Pineapple, Tomatoes, Red Peppers, Thai Sweet Chilli Sauce
A8: big_meat | B8: The Big Meat Pizza | C8: Classic | D8: Bacon, Pepperoni, Italian Sausage, Chorizo Sausage
A9: classic_dlx | B9: The Classic Deluxe Pizza | C9: Classic | D9: Pepperoni, Mushrooms, Red Onions, Red Peppers, Bacon
A10: hawaiian | B10: The Hawaiian Pizza | C10: Classic | D10: Sliced Ham, Pineapple, Mozzarella Cheese
A11: ital_cpcllo | B11: The Italian Capocollo Pizza | C11: Classic | D11: Capocollo, Red Peppers, Tomatoes, Goat Cheese, Garlic, Oregano
A12: napolitana | B12: The Napolitana Pizza | C12: Classic | D12: Tomatoes, Anchovies, Green Olives, Red Onions, Garlic
... A33: veggie_veg | B33: The Vegetables + Vegetables Pizza | C33: Veggie | D33: Mushrooms, Tomatoes, Red Peppers, Green Peppers, Red Onions, Zucchini, Spinach, Garlic

Sheet pizza
A1: pizza_id | B1: pizza_type_id | C1: size | D1: price | E1: revenue
A2: bbq_ckn_s | B2: bbq_ckn | C2: S | D2: 12.75 | E2: =D2 * order_details!D2 -> 12.75
A3: bbq_ckn_m | B3: bbq_ckn | C3: M | D3: 16.75 | E3: =D3 * order_details!D3 -> 16.75
A4: bbq_ckn_l | B4: bbq_ckn | C4: L | D4: 20.75 | E4: =D4 * order_details!D4 -> 20.75
A5: cali_ckn_s | B5: cali_ckn | C5: S | D5: 12.75 | E5: =D5 * order_details!D5 -> 12.75
A6: cali_ckn_m | B6: cali_ckn | C6: M | D6: 16.75 | E6: =D6 * order_details!D6 -> 16.75
A7: cali_ckn_l | B7: cali_ckn | C7: L | D7: 20.75 | E7: =D7 * order_details!D7 -> 20.75
A8: ckn_alfredo_s | B8: ckn_alfredo | C8: S | D8: 12.75 | E8: =D8 * order_details!D8 -> 12.75
A9: ckn_alfredo_m | B9: ckn_alfredo | C9: M | D9: 16.75 | E9: =D9 * order_details!D9 -> 16.75
A10: ckn_alfredo_l | B10: ckn_alfredo | C10: L | D10: 20.75 | E10: =D10 * order_details!D10 -> 20.75
A11: ckn_pesto_s | B11: ckn_pesto | C11: S | D11: 12.75 | E11: =D11 * order_details!D11 -> 12.75
A12: ckn_pesto_m | B12: ckn_pesto | C12: M | D12: 16.75 | E12: =D12 * order_details!D12 -> 16.75
A13: ckn_pesto_l | B13: ckn_pesto | C13: L | D13: 20.75 | E13: =D13 * order_details!D13 -> 20.75
... A97: veggie_veg_l | B97: veggie_veg | C97: L | D97: 20.25 | E97: =D97 * order_details!D97 -> 20.25

Sheet TASK 1
A3: Row Labels | B3: Count of 13
A4: big_meat_s | B4: 1811 | D4: TASK 1
A5: thai_ckn_l | B5: 1365
A6: five_cheese_l | B6: 1359 | D6: Retrieve the total number of orders. | F6: =COUNT(order_details!B2:B48621) -> 48620
A7: four_cheese_l | B7: 1273 | D7: Calculate the total revenue | F7: =SUM(pizza!E2:E97) -> 1590.8
A8: classic_dlx_m | B8: 1159 | D8: Identify the most expensive pizza | F8: =MAX(pizza!D2:D97) -> 35.95 | G8: =INDEX(pizza!A2:E97,MATCH('TASK 1'!F8,pizza!D2:D97,0),1) -> the_greek_xxl
A9: spicy_ital_l | B9: 1088 | D9: Find the most common pizza size ordered. | F9: =MAX('TASK 1'!B4:B94) -> 1811 | G9: =INDEX('TASK 1'!A4:B94,MATCH('TASK 1'!F9,'TASK 1'!B4:B94,0),1) -> big_meat_s
A10: hawaiian_s | B10: 1001 | D10: List the Top 5 most ordered pizza types with quantities | F10: big_meat_s | G10: 1811
A11: southw_ckn_l | B11: 993 | F11: thai_ckn_l | G11: 1365
A12: bbq_ckn_l | B12: 967 | F12: five_cheese_l | G12: 1359
A13: bbq_ckn_m | B13: 926 | F13: four_cheese_l | G13: 1273
A14: ital_supr_m | B14: 920 | F14: classic_dlx_m | G14: 1159
A15: pepperoni_m | B15: 918
A16: cali_ckn_m | B16: 914
A17: hawaiian_l | B17: 896
A18: cali_ckn_l | B18: 895
A19: mexicana_l | B19: 844
A20: classic_dlx_s | B20: 786
A21: pepperoni_s | B21: 739
A22: ital_supr_l | B22: 735
A23: sicilian_s | B23: 731
A24: ital_cpcllo_l | B24: 715
A25: pepperoni_l | B25: 712
A26: ckn_alfredo_m | B26: 697
... A95: Grand Total | B95: 48619
